date,source,product,rating,reviewer_type,review_title,review_text,sentiment,tags
2025-10-14,g2,Voice Agents,3,enterprise_buyer,"Promising but not production-ready yet","We evaluated Wavelength Voice Agents for our insurance claims line. Voice quality is genuinely impressive — callers couldn't tell it wasn't human in our blind tests. But latency killed us. We're seeing 400-500ms delays which creates awkward pauses. Our customers started saying 'hello? are you there?' constantly. Also hit some weird hallucination issues where the agent made up policy details. We're keeping our pilot running but can't roll out broadly until these are fixed. Support team has been responsive at least.",mixed,"latency,hallucination,voice_quality,enterprise"
2025-10-18,product_hunt,Voice Studio,5,creator,"This changed my entire YouTube workflow","I run a true crime channel with 340k subs and Voice Studio has been a game changer. I can clone my voice and generate narration for B-roll segments in minutes instead of hours in the booth. The emotional range control is *chef's kiss*. Only worry is they keep updating the model and each time the voice shifts slightly. My audience notices.",positive,"voice_cloning,creator,model_updates"
2025-10-22,twitter,Soundscape,2,music_producer,"Don't touch this until the lawsuits settle","Tried Soundscape for generating backing tracks. Output quality is actually really good — scarily good. But there's a reason for that. Pretty clear they trained on copyrighted music. Until they sort out the legal stuff I wouldn't build anything on this platform. Too risky.",negative,"legal,copyright,music_quality"
2025-10-25,reddit,Voice Agents,4,developer,"Solid API, rough edges on the enterprise side","Been building a proof of concept with the Voice Agents API. The developer docs are decent, SDK is clean, and the voice quality blows away Amazon Connect's robo-voice. My gripes: (1) no SOC 2 report available yet, (2) SLA is vague, (3) the webhook reliability is inconsistent — I've seen 2-3% dropped callbacks. For a startup this would be fine. For the bank I'm building this for... we need more.",mixed,"api,enterprise,compliance,reliability"
2025-10-28,g2,Voice Agents,2,enterprise_buyer,"Latency makes this unusable for real-time calls","Tested against ElevenLabs and Amazon Connect for our contact center. Wavelength's voice quality wins hands down. But ElevenLabs is 40% faster on latency and Amazon Connect integrates with our existing AWS stack out of the box. We went with Connect. Might revisit Wavelength in 6 months if they fix the speed issue.",negative,"latency,competitor_comparison,enterprise"
2025-11-02,app_store,Voice Studio,5,creator,"Best voice cloning tool. Period.","I've tried every voice tool on the market. ElevenLabs, Play.ht, Resemble — all of them. Wavelength Voice Studio is in a different league for voice cloning quality. The 30-second sample requirement is wild (competitors need 5+ minutes). Pricing is fair too. 10/10.",positive,"voice_quality,competitor_comparison,pricing"
2025-11-05,trustpilot,Soundscape,1,music_producer,"They stole my band's sound","I'm 99% sure our album was in their training data. Generated a track in 'indie rock' style and it literally used our chord progression from a song we released in 2019. This company is going to get sued into oblivion. Already talked to my label's lawyer.",negative,"legal,copyright,training_data"
2025-11-08,g2,Voice Agents,4,enterprise_buyer,"Best voice quality in market — enterprise features lagging","Our team ran a 3-week evaluation of Voice Agents for appointment scheduling in our healthcare network. Pros: incredible voice naturalness, good multilingual support (Spanish was near-native), reasonable pricing. Cons: no HIPAA BAA available, latency spikes during peak hours, analytics dashboard is bare bones. We signed a pilot agreement because the voice quality delta vs competitors is too big to ignore. But they need to ship enterprise compliance features fast or we'll have to switch.",mixed,"voice_quality,enterprise,compliance,healthcare,latency"
2025-11-10,product_hunt,Open Voice,5,developer,"Finally an open-source voice model worth using","Wavelength releasing Open Voice is huge. We've been waiting for a quality open-source alternative to the proprietary voice APIs. Model quality is maybe 80% of their commercial offering but it's Apache 2.0 licensed and runs on a single A100. Already integrated it into our internal tools. The community around this is going to be massive.",positive,"open_source,developer,community"
2025-11-12,reddit,Open Voice,5,developer,"Open Voice is legit — running it locally and blown away","Just deployed Open Voice on our own infra. Latency is <100ms because we control the stack. Voice quality is not quite Voice Studio tier but it's better than anything else open-source. Wavelength is playing the long game here — get devs hooked on the open model, then upsell to managed services. Smart play honestly.",positive,"open_source,self_hosted,latency,developer"
2025-11-15,twitter,Voice Agents,3,enterprise_buyer,"Mixed feelings after month one","Month 1 of our @wavelength_ai Voice Agents pilot. The good: voice quality is unreal, our CSAT on AI-handled calls is 3.4 (up from 2.8 with our old IVR). The bad: had two outages this month, escalation to human is clunky, and their analytics don't integrate with our Salesforce dashboards. Still cautiously optimistic.",mixed,"enterprise,reliability,integrations,csat"
2025-11-18,g2,Voice Studio,4,enterprise_buyer,"Great product undermined by pricing unpredictability","We use Voice Studio for our e-learning platform to generate instructor voices in 12 languages. Quality is exceptional. But they changed their pricing model twice in 4 months and our bill went up 30% with no warning. We need pricing stability for budget planning. Hard to commit long-term when the rug keeps shifting.",mixed,"pricing,enterprise,multilingual,stability"
2025-11-21,trustpilot,Voice Agents,3,enterprise_buyer,"Support is great but product needs work","Giving 3 stars because the support team has been phenomenal — our account manager basically lives in our Slack channel. But the product itself has gaps. No custom wake words, limited DTMF handling, and the sentiment analysis is hit-or-miss. Compared to where Twilio was at this stage though, Wavelength is further ahead.",mixed,"support,features,competitor_comparison"
2025-11-25,reddit,Soundscape,2,music_producer,"Soundscape output quality is amazing and that's the problem","The generated music from Soundscape is TOO good. That's how you know it's heavily derivative of copyrighted training data. I generated a jazz track and it was basically a Coltrane arrangement with different notes. Ethically I can't use this for my projects. Which sucks because the interface is beautiful and the iteration speed is incredible.",mixed,"legal,ethics,music_quality,copyright"
2025-11-28,product_hunt,Voice Agents,4,developer,"Voice Agents API is dev-friendly","Integrated Voice Agents into our startup's customer support flow in about 3 days. The API design is thoughtful — the conversation state management is way cleaner than what I dealt with at Dialogflow. Webhooks work well (mostly). My main ask: give us streaming support for real-time transcription and let us bring our own telephony provider. Also the docs have some outdated examples in the 'Enterprise Setup' section.",positive,"api,developer_experience,documentation"
2025-12-01,g2,Voice Agents,3,enterprise_buyer,"Voice Agents vs ElevenLabs for our call center","We ran both in parallel for 2 weeks. Wavelength: better voice quality, worse latency, no SOC 2, smaller model selection. ElevenLabs: more mature enterprise features, better latency (220ms avg vs 450ms), SOC 2 Type II certified, but voices sound slightly more robotic. We went ElevenLabs for now. The compliance gap was the dealbreaker.",negative,"competitor_comparison,latency,compliance,enterprise"
2025-12-05,twitter,Voice Studio,5,creator,"voice studio saved my podcast","i have a speech impediment that makes recording exhausting. wavelength voice studio lets me type scripts and generate them in a clean version of my own voice. i still sound like me, just without the parts that make me self-conscious. this technology is life-changing for accessibility. please don't ever take this away.",positive,"accessibility,voice_cloning,creator"
2025-12-08,app_store,Voice Studio,4,creator,"Great but the model update broke my voice","4 stars down from 5. They pushed a model update on Dec 3 and my cloned voice now sounds different. It's subtle but I've been using this for 8 months and my audience will notice. Why can't they let us pin to a specific model version? Submitted a support ticket. This is my livelihood. Really frustrating.",mixed,"model_updates,voice_cloning,stability"
2025-12-12,g2,Voice Agents,4,enterprise_buyer,"Improving fast — latency down 20% since our pilot started","Updating my review from October. Wavelength shipped two latency improvements in November and we're now seeing 380ms avg (down from 480ms). Hallucination rate also dropped noticeably. If they keep this trajectory, they'll be competitive with ElevenLabs on speed by Q1 2026. We extended our pilot for another quarter.",positive,"latency,improvement,enterprise"
2025-12-15,reddit,Voice Agents,3,developer,"Voice Agents webhooks are still unreliable","Lost about 1.5% of webhook callbacks last week. For an enterprise product this is not acceptable. I've built retry logic on my end but I shouldn't have to. Their status page showed 99.7% uptime but webhook delivery is a different metric. Would love to see them publish webhook delivery rates separately.",negative,"reliability,webhooks,enterprise"
2025-12-18,trustpilot,Soundscape,3,music_producer,"Waiting to see how the lawsuits play out","Soundscape is genuinely the best AI music tool I've used. The composition quality and the control you get over arrangement is leagues ahead of Suno or Udio. But I can't in good conscience use it commercially until the copyright questions are resolved. If they come out clean on the legal side this is an easy 5 stars.",mixed,"legal,music_quality,competitor_comparison"
2025-12-22,g2,Open Voice,5,developer,"Open Voice is the Linux of voice AI","Bold claim but I stand by it. Open Voice is doing for voice AI what Linux did for operating systems. The community contributions in the first 2 months have been incredible — custom fine-tuning scripts, deployment guides for every cloud provider, and someone already built a Kubernetes operator. Wavelength gets it.",positive,"open_source,community,developer"
2025-12-28,twitter,Voice Agents,4,enterprise_buyer,"Just renewed our Voice Agents pilot. The Dec improvements were significant. Latency under 400ms consistently now and the new guardrail system actually works. Still need SOC 2 and HIPAA BAA before we can go to production. @wavelength_ai when is compliance certification coming?",positive,"enterprise,latency,compliance,improvement"
2026-01-03,g2,Voice Agents,3,enterprise_buyer,"Good for SMB not ready for true enterprise","We're a Fortune 500 financial services company. Evaluated Voice Agents for our 2000-seat contact center. Non-starters: no FedRAMP, no SOC 2, SLA maxes at 99.9% (we need 99.99%), no on-prem deployment option, and the platform buckled under our load test at 500 concurrent calls. Voice quality is outstanding but enterprise readiness is 12-18 months away for our use case.",negative,"enterprise,compliance,scalability,security"
2026-01-06,product_hunt,Voice Studio,5,creator,"Switched from ElevenLabs and not looking back","ElevenLabs voice cloning requires way more sample audio and the result still sounds slightly off. Wavelength nails it with a 30-second clip. The emotional control sliders are incredible — I can make my cloned voice sound excited or serious or warm. For content creators this is the clear winner.",positive,"voice_cloning,competitor_comparison,creator"
2026-01-09,reddit,Voice Agents,4,developer,"Voice Agents January update is solid","The January release notes show Wavelength is listening. Streaming transcription (finally!), improved webhook reliability, and the new conversation analytics dashboard. Latency is noticeably better too. If they ship SOC 2 in Q1 like they hinted, this becomes the enterprise voice AI platform to beat.",positive,"improvement,features,enterprise,developer"
2026-01-12,trustpilot,Voice Agents,2,enterprise_buyer,"Outage during our busiest day","Had a 47-minute outage on Jan 10 that hit right during our peak call volume. No warning, status page was slow to update, and our fallback to human agents wasn't seamless because Wavelength's escalation webhook timed out. Lost an estimated $8K in that window. For enterprise AI you need five-nines reliability. They're not there yet.",negative,"reliability,outage,enterprise,escalation"
2026-01-15,g2,Voice Studio,5,enterprise_buyer,"Voice Studio powering our entire localization pipeline","We use Voice Studio to localize our SaaS product's tutorial videos into 8 languages. The quality is indistinguishable from native speakers for most languages (Mandarin still needs work). Saved us roughly $180K/year vs professional voice actors. The API is stable and well-documented. Best purchase decision of 2025.",positive,"enterprise,multilingual,cost_savings,api"
2026-01-18,twitter,Open Voice,5,developer,"Just fine-tuned Open Voice on our company's brand voice using the community toolkit. Running inference at 85ms on a single A10G. This is the future of voice AI — open models, self-hosted, full control. Thank you @wavelength_ai for not keeping this locked up. The moat is in the ecosystem not the model.",positive,"open_source,self_hosted,fine_tuning,developer"
2026-01-22,app_store,Voice Studio,3,creator,"Used to love this app but trust is eroding","Third pricing change in 6 months. Voice model updated without warning twice. My cloned voice drifted noticeably after the December update and support just said 'regenerate your voice profile' as if I haven't built 200 videos around the old one. The product is technically amazing but the company seems to care more about shipping fast than keeping existing customers happy. Considering Play.ht as a backup.",mixed,"pricing,model_updates,trust,stability,competitor_comparison"
